"X1","Estado","Fecha","R0_dia_1","R0_dia_2","R0_dia_3","R0_dia_4","R0_dia_5","R0_dia_6","R0_dia_7","R0_dia_8","R0_dia_9","R0_dia_10","R0_dia_11","R0_dia_12","R0_dia_13","R0_dia_14","R0_dia_15","R0_dia_16","R0_dia_17","R0_dia_18","R0_dia_19","R0_dia_20","R0_dia_21","R0_dia_22","R0_dia_23","R0_dia_24","R0_dia_25"
6,"Canarias",2020-12-17,0.80047225501771,0.649142857142857,1.27739726027397,1.28886310904872,1.38211382113821,1.38211382113821,1.38211382113821,2.10253456221198,2.30093676814988,1.72788353863382,1.61168032786885,1.55229716520039,1.55229716520039,1.55229716520039,2.28466076696165,2.76408450704225,1.33690795352994,1.13141314131413,0.841176470588235,0.841176470588235,0.841176470588235,0.652054794520548,0.651399491094148,0.8600129617628,0.843610934520025
