"X1","Estado","Fecha","IA_dia_1","IA_dia_2","IA_dia_3","IA_dia_4","IA_dia_5","IA_dia_6","IA_dia_7","IA_dia_8","IA_dia_9","IA_dia_10","IA_dia_11","IA_dia_12","IA_dia_13","IA_dia_14","IA_dia_15","IA_dia_16","IA_dia_17","IA_dia_18","IA_dia_19","IA_dia_20","IA_dia_21","IA_dia_22","IA_dia_23","IA_dia_24","IA_dia_25"
21,"Sao Paulo",2021-01-28,1146.87966509609,1245.5257370821,1264.01161021235,1269.63703140036,1294.86519766252,1293.85508553679,1277.80005134326,1238.4713767894,1263.39568818446,1258.90356352776,1257.72920552792,1259.83976501014,1266.13038198827,1274.88468707794,1265.61300748485,1259.80691583532,1248.50679969706,1243.7518816418,1230.1523232661,1218.48265391111,1233.37975469222,1259.79870354162,1139.93206462155,1231.08031245478,1207.53566640218
