"X1","Estado","Fecha","IA_dia_1","IA_dia_2","IA_dia_3","IA_dia_4","IA_dia_5","IA_dia_6","IA_dia_7","IA_dia_8","IA_dia_9","IA_dia_10","IA_dia_11","IA_dia_12","IA_dia_13","IA_dia_14","IA_dia_15","IA_dia_16","IA_dia_17","IA_dia_18","IA_dia_19","IA_dia_20","IA_dia_21","IA_dia_22","IA_dia_23","IA_dia_24","IA_dia_25"
6,"Canarias",2020-12-17,86.5827922674765,86.5827922674765,86.5827922674765,71.0493613829717,65.3507062655794,92.4652749693008,95.912042177401,101.702611087009,101.702611087009,101.702611087009,115.03011095833,116.40881784157,122.337257439502,123.348309153878,127.668257388031,127.668257388031,127.668257388031,155.0585674684,162.457627741788,139.663007272219,130.058015985647,118.982404023618,118.982404023618,118.982404023618,125.875938439819
